{"cameraMode":{"drawMode":0,"name":"Shaded","section":"Shading Mode"},"sceneLighting":true,"audioPlay":false,"sceneViewState":{"showFog":true,"showMaterialUpdate":false,"showSkybox":true,"showFlares":true,"showImageEffects":true,"showParticleSystems":true},"in2DMode":false,"pivot":{"x":0.5171253085136414,"y":-8.002703666687012,"z":7.904860496520996},"rotation":{"x":0.41195425391197207,"y":0.028396449983119966,"z":-0.012867432087659836,"w":0.9106937646865845},"size":24.982637405395509,"orthographic":false}